model,seed,class,F1
VGG16,0,BLB,0.9444444444444444
VGG16,0,Blast,1.0
VGG16,0,healthy,0.972972972972973
VGG16,0,hispa,1.0
VGG16,0,leaf spot,0.8888888888888888
VGG16,1,BLB,0.9444444444444444
VGG16,1,Blast,1.0
VGG16,1,healthy,0.972972972972973
VGG16,1,hispa,1.0
VGG16,1,leaf spot,0.8888888888888888
VGG16,2,BLB,0.972972972972973
VGG16,2,Blast,1.0
VGG16,2,healthy,0.972972972972973
VGG16,2,hispa,0.8888888888888888
VGG16,2,leaf spot,0.8888888888888888
VGG16 + Thermal encoder,0,BLB,0.9047619047619048
VGG16 + Thermal encoder,0,Blast,0.9411764705882353
VGG16 + Thermal encoder,0,healthy,0.9444444444444444
VGG16 + Thermal encoder,0,hispa,0.8888888888888888
VGG16 + Thermal encoder,0,leaf spot,0.8181818181818182
VGG16 + Thermal encoder,1,BLB,0.9743589743589743
VGG16 + Thermal encoder,1,Blast,1.0
VGG16 + Thermal encoder,1,healthy,0.972972972972973
VGG16 + Thermal encoder,1,hispa,0.8888888888888888
VGG16 + Thermal encoder,1,leaf spot,0.96
VGG16 + Thermal encoder,2,BLB,0.8780487804878049
VGG16 + Thermal encoder,2,Blast,0.9333333333333333
VGG16 + Thermal encoder,2,healthy,0.918918918918919
VGG16 + Thermal encoder,2,hispa,0.9090909090909091
VGG16 + Thermal encoder,2,leaf spot,0.8181818181818182
